roc_auc,accuracy,recall,precision,best_params
0.6387893269613699,0.6436781609195402,0.5679012345679012,0.6426055926329525,"{'C': 100, 'degree': 3, 'gamma': 0.001, 'kernel': 'sigmoid'}"
0.6334129828753484,0.6379310344827587,0.5679012345679012,0.636789375582479,"{'C': 10, 'degree': 3, 'gamma': 0.01, 'kernel': 'rbf'}"
0.6607712765957446,0.6666666666666666,0.5875,0.6655773420479304,"{'C': 1000, 'degree': 3, 'gamma': 0.0001, 'kernel': 'rbf'}"
0.6438829787234043,0.6494252873563219,0.575,0.6480884744119192,"{'C': 1, 'degree': 3, 'gamma': 0.1, 'kernel': 'rbf'}"
0.6772606382978723,0.6724137931034483,0.7375,0.6821659123802523,"{'C': 0.1, 'degree': 3, 'gamma': 0.1, 'kernel': 'poly'}"
